modality,subject,label,severity,enhanced
sensor,SHC000,0,0,False
sensor,SHC001,0,0,False
sensor,SHC002,0,0,True
sensor,SHC003,0,0,True
sensor,SHC004,0,0,False
sensor,SHC005,0,0,False
sensor,SHC006,0,0,False
sensor,SHC007,0,0,False
sensor,SHC008,0,0,False
sensor,SHC009,0,0,False
sensor,SHC010,0,0,False
sensor,SHC011,0,0,True
sensor,SHC012,0,0,False
sensor,SHC013,0,0,True
sensor,SHC014,0,0,False
sensor,SHC015,0,0,True
sensor,SHC016,0,0,False
sensor,SHC017,0,0,False
sensor,SHC018,0,0,False
sensor,SHC019,0,0,False
sensor,SHC020,0,0,True
sensor,SHC021,0,0,True
sensor,SHC022,0,0,False
sensor,SHC023,0,0,False
sensor,SHC024,0,0,False
sensor,SHC025,0,0,False
sensor,SHC026,0,0,False
sensor,SHC027,0,0,False
sensor,SHC028,0,0,False
sensor,SHC029,0,0,False
sensor,SPD000,1,2,False
sensor,SPD001,1,1,False
sensor,SPD002,1,0,False
sensor,SPD003,1,2,False
sensor,SPD004,1,2,False
sensor,SPD005,1,1,False
sensor,SPD006,1,2,False
sensor,SPD007,1,3,False
sensor,SPD008,1,4,False
sensor,SPD009,1,1,False
sensor,SPD010,1,2,False
sensor,SPD011,1,1,False
sensor,SPD012,1,2,False
sensor,SPD013,1,1,False
sensor,SPD014,1,1,False
sensor,SPD015,1,3,False
sensor,SPD016,1,1,False
sensor,SPD017,1,2,False
sensor,SPD018,1,0,False
sensor,SPD019,1,3,False
sensor,SPD020,1,3,False
sensor,SPD021,1,1,False
sensor,SPD022,1,3,False
sensor,SPD023,1,0,False
sensor,SPD024,1,1,False
sensor,SPD025,1,1,False
sensor,SPD026,1,2,False
sensor,SPD027,1,3,False
sensor,SPD028,1,1,False
sensor,SPD029,1,0,False
spiral,DHC000,0,0,False
spiral,DHC001,0,0,True
spiral,DHC002,0,0,False
spiral,DHC003,0,0,True
spiral,DHC004,0,0,False
spiral,DHC005,0,0,True
spiral,DHC006,0,0,True
spiral,DHC007,0,0,True
spiral,DHC008,0,0,False
spiral,DHC009,0,0,False
spiral,DHC010,0,0,True
spiral,DHC011,0,0,False
spiral,DHC012,0,0,False
spiral,DHC013,0,0,False
spiral,DHC014,0,0,False
spiral,DHC015,0,0,False
spiral,DHC016,0,0,False
spiral,DHC017,0,0,False
spiral,DHC018,0,0,False
spiral,DHC019,0,0,False
spiral,DHC020,0,0,False
spiral,DHC021,0,0,True
spiral,DHC022,0,0,False
spiral,DHC023,0,0,False
spiral,DHC024,0,0,True
spiral,DHC025,0,0,False
spiral,DHC026,0,0,False
spiral,DHC027,0,0,False
spiral,DHC028,0,0,False
spiral,DHC029,0,0,False
spiral,DHC030,0,0,False
spiral,DHC031,0,0,False
spiral,DHC032,0,0,False
spiral,DHC033,0,0,False
spiral,DHC034,0,0,False
spiral,DHC035,0,0,False
spiral,DHC036,0,0,False
spiral,DHC037,0,0,True
spiral,DHC038,0,0,True
spiral,DHC039,0,0,True
spiral,DPD000,1,1,False
spiral,DPD001,1,4,False
spiral,DPD002,1,1,False
spiral,DPD003,1,2,False
spiral,DPD004,1,1,False
spiral,DPD005,1,4,False
spiral,DPD006,1,1,False
spiral,DPD007,1,4,False
spiral,DPD008,1,2,False
spiral,DPD009,1,2,False
spiral,DPD010,1,1,False
spiral,DPD011,1,0,False
spiral,DPD012,1,1,False
spiral,DPD013,1,1,False
spiral,DPD014,1,3,False
spiral,DPD015,1,3,False
spiral,DPD016,1,1,False
spiral,DPD017,1,4,False
spiral,DPD018,1,1,False
spiral,DPD019,1,3,False
spiral,DPD020,1,1,False
spiral,DPD021,1,2,False
spiral,DPD022,1,2,False
spiral,DPD023,1,2,False
spiral,DPD024,1,2,False
spiral,DPD025,1,0,False
spiral,DPD026,1,0,False
spiral,DPD027,1,2,False
spiral,DPD028,1,1,False
spiral,DPD029,1,3,False
spiral,DPD030,1,4,False
spiral,DPD031,1,2,False
spiral,DPD032,1,3,False
spiral,DPD033,1,0,False
spiral,DPD034,1,4,False
spiral,DPD035,1,2,False
spiral,DPD036,1,3,False
spiral,DPD037,1,3,False
spiral,DPD038,1,1,False
spiral,DPD039,1,3,False
video,VHC000,0,0,False
video,VHC001,0,0,False
video,VHC002,0,0,False
video,VHC003,0,0,False
video,VHC004,0,0,False
video,VHC005,0,0,False
video,VHC006,0,0,False
video,VHC007,0,0,False
video,VHC008,0,0,False
video,VHC009,0,0,False
video,VHC010,0,0,True
video,VHC011,0,0,False
video,VHC012,0,0,False
video,VHC013,0,0,False
video,VHC014,0,0,False
video,VHC015,0,0,True
video,VHC016,0,0,False
video,VHC017,0,0,False
video,VHC018,0,0,False
video,VHC019,0,0,False
video,VHC020,0,0,False
video,VHC021,0,0,False
video,VHC022,0,0,False
video,VHC023,0,0,True
video,VHC024,0,0,False
video,VPD000,1,1,False
video,VPD001,1,3,False
video,VPD002,1,1,False
video,VPD003,1,1,False
video,VPD004,1,1,False
video,VPD005,1,1,False
video,VPD006,1,3,False
video,VPD007,1,1,False
video,VPD008,1,3,False
video,VPD009,1,3,False
video,VPD010,1,0,False
video,VPD011,1,2,False
video,VPD012,1,3,False
video,VPD013,1,0,False
video,VPD014,1,2,False
video,VPD015,1,1,False
video,VPD016,1,2,False
video,VPD017,1,1,False
video,VPD018,1,2,False
video,VPD019,1,2,False
video,VPD020,1,4,False
video,VPD021,1,2,False
video,VPD022,1,4,False
video,VPD023,1,3,False
video,VPD024,1,1,False
